{
  "best_global_step": 5595,
  "best_metric": 0.9578110961769293,
  "best_model_checkpoint": "./centralized_results\\checkpoint-5595",
  "epoch": 3.0,
  "eval_steps": 500,
  "global_step": 5595,
  "is_hyper_param_search": false,
  "is_local_process_zero": true,
  "is_world_process_zero": true,
  "log_history": [
    {
      "epoch": 1.0,
      "eval_accuracy": 0.9495978552278821,
      "eval_f1": 0.9498302136231609,
      "eval_loss": 0.16372857987880707,
      "eval_precision": 0.9510519199115914,
      "eval_recall": 0.9495978552278821,
      "eval_runtime": 9.4882,
      "eval_samples_per_second": 393.118,
      "eval_steps_per_second": 49.219,
      "step": 1865
    },
    {
      "epoch": 2.0,
      "eval_accuracy": 0.9568364611260054,
      "eval_f1": 0.9569723394892286,
      "eval_loss": 0.15857115387916565,
      "eval_precision": 0.9575382082064888,
      "eval_recall": 0.9568364611260054,
      "eval_runtime": 9.0237,
      "eval_samples_per_second": 413.354,
      "eval_steps_per_second": 51.752,
      "step": 3730
    },
    {
      "epoch": 3.0,
      "eval_accuracy": 0.9576407506702412,
      "eval_f1": 0.9578110961769293,
      "eval_loss": 0.15527112782001495,
      "eval_precision": 0.958716582739177,
      "eval_recall": 0.9576407506702412,
      "eval_runtime": 8.9414,
      "eval_samples_per_second": 417.16,
      "eval_steps_per_second": 52.229,
      "step": 5595
    }
  ],
  "logging_steps": 100000,
  "max_steps": 5595,
  "num_input_tokens_seen": 0,
  "num_train_epochs": 3,
  "save_steps": 500,
  "stateful_callbacks": {
    "TrainerControl": {
      "args": {
        "should_epoch_stop": false,
        "should_evaluate": false,
        "should_log": false,
        "should_save": true,
        "should_training_stop": true
      },
      "attributes": {}
    }
  },
  "total_flos": 56866999910400.0,
  "train_batch_size": 8,
  "trial_name": null,
  "trial_params": null
}
